Thread,Action,Count,Mean_ResponseTime_ms,Median_ResponseTime_ms,Max_ResponseTime_ms,Min_ResponseTime_ms,Variance_ResponseTime_ms
10,create_user_profile,3590.0,81.92729805013927,74.0,314.0,40.0,1115.1111799362182
10,create_file_object,3590.0,80.93231197771588,73.0,456.0,47.0,1133.7599754278588
10,create_organization,3590.0,82.14512534818941,74.0,483.0,42.0,1161.6348257714108
50,create_user_profile,17950.0,169.13738161559888,157.0,1145.0,38.0,5648.533022281795
50,create_file_object,17950.0,184.04980501392757,174.0,677.0,45.0,4728.041867196922
50,create_organization,17950.0,140.11559888579387,124.0,1709.0,37.0,9247.45162027478
100,create_user_profile,35900.0,642.4426462395543,276.0,10122.0,40.0,1383199.0962118336
100,create_file_object,35900.0,270.37632311977717,244.0,1498.0,46.0,17913.68684015298
100,create_organization,35900.0,245.55111420612815,223.0,1352.0,45.0,16637.067751342147
