Action,Thread50/Thread10_Ratio
create_organization,6.6193473702536325
type3,3.8510807919794585
