Action,Thread50/Thread10_Ratio
create_organization,1.0299530227329
type1,0.8366614535797916
type2,4.0327265882478045
