Action,Thread50/Thread10_Ratio
create_organization,0.04617996751807528
create_user_profile,0.16142662858750279
type2,1.7580555645639433
