Action,Thread50/Thread10_Ratio
create_organization,1.38187352087721
type3,1.421350858295459
