Action,Thread50/Thread10_Ratio
create_organization,1.1292598943369319
type1,0.9788628112647881
