Action,Thread50/Thread10_Ratio
create_organization,1.4359076884172906
create_user_profile,1.4188937056748436
type2,0.8178834527063069
