Action,Thread50/Thread10_Ratio
create_user_profile,1.0466661228697727
type2,0.8185373978673595
