Action,Thread100/Thread50_Ratio
create_organization,0.6161357913528016
type3,0.8519311395528399
