Action,Thread100/Thread50_Ratio
create_organization,0.8072625520114308
type1,0.9025780798567142
