Action,Thread100/Thread50_Ratio
create_organization,0.6193564573244812
create_user_profile,0.7506272227711567
type2,0.932970892083374
