Action,Thread100/Thread50_Ratio
create_user_profile,0.978126472137701
type2,0.9205740115535221
