Action,Thread100/Thread50_Ratio
create_organization,0.19947367734959004
type3,0.26696715489707884
