Action,Thread100/Thread50_Ratio
create_organization,0.013775276466143696
type1,0.32546159963782606
type2,0.17025627547616826
