Action,Thread100/Thread50_Ratio
create_organization,0.4337208728446402
create_user_profile,0.6298376513860201
type2,0.6355310066488178
